a0,b1,c2,d3,e4,f5,g6,h7,i8,j9
Fire rate,,,,,,,,,
weapon_assault,ar_standard,25,45,40,75,0,25,MPUI_FULL_AUTO,
weapon_attachment,acog,5,0,5,0,0,0,,ar_standard
weapon_attachment,damage,0,10,0,0,0,0,,ar_standard
weapon_attachment,dualoptic,5,0,5,0,0,0,,ar_standard
weapon_attachment,extbarrel,0,0,10,0,0,0,,ar_standard
weapon_attachment,extclip,0,0,0,0,0,10,,ar_standard
weapon_attachment,fastreload,0,0,0,0,0,10,,ar_standard
weapon_attachment,fmj,0,10,0,0,0,0,,ar_standard
weapon_attachment,grip,10,0,0,0,0,0,,ar_standard
weapon_attachment,holo,10,0,0,0,0,0,,ar_standard
weapon_attachment,ir,10,0,0,0,0,0,,ar_standard
weapon_attachment,quickdraw,10,0,0,0,0,0,,ar_standard
weapon_attachment,reflex,10,0,0,0,0,0,,ar_standard
weapon_attachment,rf,0,0,0,10,0,0,,ar_standard
weapon_attachment,stalker,10,0,0,0,10,0,,ar_standard
weapon_attachment,steadyaim,10,0,0,0,5,0,,ar_standard
weapon_attachment,suppressed,0,0,-10,0,0,0,,ar_standard
weapon_attachment,reddot,10,0,0,0,0,0,,ar_standard
weapon_assault,ar_accurate,65,20,45,55,0,25,MPUI_FULL_AUTO,
weapon_attachment,acog,5,0,5,0,0,0,,ar_accurate
weapon_attachment,damage,0,10,0,0,0,0,,ar_accurate
weapon_attachment,dualoptic,5,0,5,0,0,0,,ar_accurate
weapon_attachment,extbarrel,0,0,10,0,0,0,,ar_accurate
weapon_attachment,extclip,0,0,0,0,0,10,,ar_accurate
weapon_attachment,fastreload,0,0,0,0,0,10,,ar_accurate
weapon_attachment,fmj,0,10,0,0,0,0,,ar_accurate
weapon_attachment,grip,10,0,0,0,0,0,,ar_accurate
weapon_attachment,holo,10,0,0,0,0,0,,ar_accurate
weapon_attachment,ir,10,0,0,0,0,0,,ar_accurate
weapon_attachment,quickdraw,10,0,0,0,0,0,,ar_accurate
weapon_attachment,reflex,10,0,0,0,0,0,,ar_accurate
weapon_attachment,rf,0,0,0,10,0,0,,ar_accurate
weapon_attachment,stalker,10,0,0,0,10,0,,ar_accurate
weapon_attachment,steadyaim,10,0,0,0,5,0,,ar_accurate
weapon_attachment,suppressed,0,0,-10,0,0,0,,ar_accurate
weapon_attachment,reddot,10,0,0,0,0,0,,ar_accurate
weapon_assault,ar_cqb,45,30,25,85,0,25,MPUI_FULL_AUTO,
weapon_attachment,acog,5,0,5,0,0,0,,ar_cqb
weapon_attachment,damage,0,10,0,0,0,0,,ar_cqb
weapon_attachment,dualoptic,5,0,5,0,0,0,,ar_cqb
weapon_attachment,extbarrel,0,0,10,0,0,0,,ar_cqb
weapon_attachment,extclip,0,0,0,0,0,10,,ar_cqb
weapon_attachment,fastreload,0,0,0,0,0,10,,ar_cqb
weapon_attachment,fmj,0,10,0,0,0,0,,ar_cqb
weapon_attachment,grip,10,0,0,0,0,0,,ar_cqb
weapon_attachment,holo,10,0,0,0,0,0,,ar_cqb
weapon_attachment,ir,10,0,0,0,0,0,,ar_cqb
weapon_attachment,quickdraw,10,0,0,0,0,0,,ar_cqb
weapon_attachment,reflex,10,0,0,0,0,0,,ar_cqb
weapon_attachment,rf,0,0,0,10,0,0,,ar_cqb
weapon_attachment,stalker,10,0,0,0,10,0,,ar_cqb
weapon_attachment,steadyaim,10,0,0,0,5,0,,ar_cqb
weapon_attachment,suppressed,0,0,-10,0,0,0,,ar_cqb
weapon_attachment,reddot,10,0,0,0,0,0,,ar_cqb
weapon_assault,ar_damage,45,55,45,40,0,25,MPUI_FULL_AUTO,
weapon_attachment,acog,5,0,5,0,0,0,,ar_damage
weapon_attachment,damage,0,10,0,0,0,0,,ar_damage
weapon_attachment,dualoptic,5,0,5,0,0,0,,ar_damage
weapon_attachment,extbarrel,0,0,10,0,0,0,,ar_damage
weapon_attachment,extclip,0,0,0,0,0,10,,ar_damage
weapon_attachment,fastreload,0,0,0,0,0,10,,ar_damage
weapon_attachment,fmj,0,10,0,0,0,0,,ar_damage
weapon_attachment,grip,10,0,0,0,0,0,,ar_damage
weapon_attachment,holo,10,0,0,0,0,0,,ar_damage
weapon_attachment,ir,10,0,0,0,0,0,,ar_damage
weapon_attachment,quickdraw,10,0,0,0,0,0,,ar_damage
weapon_attachment,reflex,10,0,0,0,0,0,,ar_damage
weapon_attachment,rf,0,0,0,10,0,0,,ar_damage
weapon_attachment,stalker,10,0,0,0,10,0,,ar_damage
weapon_attachment,steadyaim,10,0,0,0,5,0,,ar_damage
weapon_attachment,suppressed,0,0,-10,0,0,0,,ar_damage
weapon_attachment,reddot,10,0,0,0,0,0,,ar_damage
weapon_assault,ar_fastburst,35,55,35,60,0,25,MPUI_FULL_AUTO,
weapon_attachment,acog,5,0,5,0,0,0,,ar_fastburst
weapon_attachment,damage,0,10,0,0,0,0,,ar_fastburst
weapon_attachment,dualoptic,5,0,5,0,0,0,,ar_fastburst
weapon_attachment,extbarrel,0,0,10,0,0,0,,ar_fastburst
weapon_attachment,extclip,0,0,0,0,0,10,,ar_fastburst
weapon_attachment,fastreload,0,0,0,0,0,10,,ar_fastburst
weapon_attachment,fmj,0,10,0,0,0,0,,ar_fastburst
weapon_attachment,grip,10,0,0,0,0,0,,ar_fastburst
weapon_attachment,holo,10,0,0,0,0,0,,ar_fastburst
weapon_attachment,ir,10,0,0,0,0,0,,ar_fastburst
weapon_attachment,quickdraw,10,0,0,0,0,0,,ar_fastburst
weapon_attachment,reflex,10,0,0,0,0,0,,ar_fastburst
weapon_attachment,rf,0,0,0,10,0,0,,ar_fastburst
weapon_attachment,stalker,10,0,0,0,10,0,,ar_fastburst
weapon_attachment,steadyaim,10,0,0,0,5,0,,ar_fastburst
weapon_attachment,suppressed,0,0,-10,0,0,0,,ar_fastburst
weapon_attachment,reddot,10,0,0,0,0,0,,ar_fastburst
weapon_assault,ar_longburst,70,25,55,35,0,25,MPUI_FULL_AUTO,
weapon_attachment,acog,5,0,5,0,0,0,,ar_longburst
weapon_attachment,damage,0,10,0,0,0,0,,ar_longburst
weapon_attachment,dualoptic,5,0,5,0,0,0,,ar_longburst
weapon_attachment,extbarrel,0,0,10,0,0,0,,ar_longburst
weapon_attachment,extclip,0,0,0,0,0,10,,ar_longburst
weapon_attachment,fastreload,0,0,0,0,0,10,,ar_longburst
weapon_attachment,fmj,0,10,0,0,0,0,,ar_longburst
weapon_attachment,grip,10,0,0,0,0,0,,ar_longburst
weapon_attachment,holo,10,0,0,0,0,0,,ar_longburst
weapon_attachment,ir,10,0,0,0,0,0,,ar_longburst
weapon_attachment,quickdraw,10,0,0,0,0,0,,ar_longburst
weapon_attachment,reflex,10,0,0,0,0,0,,ar_longburst
weapon_attachment,rf,0,0,0,10,0,0,,ar_longburst
weapon_attachment,stalker,10,0,0,0,10,0,,ar_longburst
weapon_attachment,steadyaim,10,0,0,0,5,0,,ar_longburst
weapon_attachment,suppressed,0,0,-10,0,0,0,,ar_longburst
weapon_attachment,reddot,10,0,0,0,0,0,,ar_longburst
weapon_assault,ar_marksman,50,75,50,10,0,25,MPUI_FULL_AUTO,
weapon_attachment,acog,5,0,5,0,0,0,,ar_marksman
weapon_attachment,damage,0,10,0,0,0,0,,ar_marksman
weapon_attachment,dualoptic,5,0,5,0,0,0,,ar_marksman
weapon_attachment,extbarrel,0,0,10,0,0,0,,ar_marksman
weapon_attachment,extclip,0,0,0,0,0,10,,ar_marksman
weapon_attachment,fastreload,0,0,0,0,0,10,,ar_marksman
weapon_attachment,fmj,0,10,0,0,0,0,,ar_marksman
weapon_attachment,grip,10,0,0,0,0,0,,ar_marksman
weapon_attachment,holo,10,0,0,0,0,0,,ar_marksman
weapon_attachment,ir,10,0,0,0,0,0,,ar_marksman
weapon_attachment,quickdraw,10,0,0,0,0,0,,ar_marksman
weapon_attachment,reflex,10,0,0,0,0,0,,ar_marksman
weapon_attachment,rf,0,0,0,10,0,0,,ar_marksman
weapon_attachment,stalker,10,0,0,0,10,0,,ar_marksman
weapon_attachment,steadyaim,10,0,0,0,5,0,,ar_marksman
weapon_attachment,suppressed,0,0,-10,0,0,0,,ar_marksman
weapon_attachment,reddot,10,0,0,0,0,0,,ar_marksman
weapon_smg,smg_burst,35,40,40,55,0,40,MPUI_FULL_AUTO,
weapon_attachment,acog,5,0,5,0,0,0,,smg_burst
weapon_attachment,dualoptic,5,0,5,0,0,0,,smg_burst
weapon_attachment,extbarrel,0,0,10,0,0,0,,smg_burst
weapon_attachment,extclip,0,0,0,0,0,10,,smg_burst
weapon_attachment,fastreload,0,0,0,0,0,10,,smg_burst
weapon_attachment,fmj,0,10,0,0,0,0,,smg_burst
weapon_attachment,holo,10,0,0,0,0,0,,smg_burst
weapon_attachment,grip,10,0,0,0,0,0,,smg_burst
weapon_attachment,quickdraw,10,0,0,0,0,0,,smg_burst
weapon_attachment,reflex,10,0,0,0,0,0,,smg_burst
weapon_attachment,rf,0,0,0,10,0,0,,smg_burst
weapon_attachment,stalker,10,0,0,0,0,0,,smg_burst
weapon_attachment,steadyaim,10,0,0,0,0,0,,smg_burst
weapon_attachment,suppressed,0,0,-10,0,0,0,,smg_burst
weapon_attachment,reddot,10,0,0,0,0,0,,smg_burst
weapon_smg,smg_longrange,55,20,65,30,0,40,MPUI_FULL_AUTO,
weapon_attachment,acog,5,0,5,0,0,0,,smg_longrange
weapon_attachment,dualoptic,5,0,5,0,0,0,,smg_longrange
weapon_attachment,extbarrel,0,0,10,0,0,0,,smg_longrange
weapon_attachment,extclip,0,0,0,0,0,10,,smg_longrange
weapon_attachment,fastreload,0,0,0,0,0,10,,smg_longrange
weapon_attachment,fmj,0,10,0,0,0,0,,smg_longrange
weapon_attachment,holo,10,0,0,0,0,0,,smg_longrange
weapon_attachment,grip,10,0,0,0,0,0,,smg_longrange
weapon_attachment,quickdraw,10,0,0,0,0,0,,smg_longrange
weapon_attachment,reflex,10,0,0,0,0,0,,smg_longrange
weapon_attachment,rf,0,0,0,10,0,0,,smg_longrange
weapon_attachment,stalker,10,0,0,0,0,0,,smg_longrange
weapon_attachment,steadyaim,10,0,0,0,0,0,,smg_longrange
weapon_attachment,suppressed,0,0,-10,0,0,0,,smg_longrange
weapon_attachment,reddot,10,0,0,0,0,0,,smg_longrange
weapon_smg,smg_standard,35,30,55,50,0,40,MPUI_FULL_AUTO,
weapon_attachment,acog,5,0,5,0,0,0,,smg_standard
weapon_attachment,dualoptic,5,0,5,0,0,0,,smg_standard
weapon_attachment,extbarrel,0,0,10,0,0,0,,smg_standard
weapon_attachment,extclip,0,0,0,0,0,10,,smg_standard
weapon_attachment,fastreload,0,0,0,0,0,10,,smg_standard
weapon_attachment,fmj,0,10,0,0,0,0,,smg_standard
weapon_attachment,holo,10,0,0,0,0,0,,smg_standard
weapon_attachment,grip,10,0,0,0,0,0,,smg_standard
weapon_attachment,quickdraw,10,0,0,0,0,0,,smg_standard
weapon_attachment,reflex,10,0,0,0,0,0,,smg_standard
weapon_attachment,rf,0,0,0,10,0,0,,smg_standard
weapon_attachment,stalker,10,0,0,0,0,0,,smg_standard
weapon_attachment,steadyaim,10,0,0,0,0,0,,smg_standard
weapon_attachment,suppressed,0,0,-10,0,0,0,,smg_standard
weapon_attachment,reddot,10,0,0,0,0,0,,smg_standard
weapon_smg,smg_versatile,15,40,40,75,0,40,MPUI_FULL_AUTO,
weapon_attachment,acog,5,0,5,0,0,0,,smg_versatile
weapon_attachment,dualoptic,5,0,5,0,0,0,,smg_versatile
weapon_attachment,extbarrel,0,0,10,0,0,0,,smg_versatile
weapon_attachment,extclip,0,0,0,0,0,10,,smg_versatile
weapon_attachment,fastreload,0,0,0,0,0,10,,smg_versatile
weapon_attachment,fmj,0,10,0,0,0,0,,smg_versatile
weapon_attachment,holo,10,0,0,0,0,0,,smg_versatile
weapon_attachment,grip,10,0,0,0,0,0,,smg_versatile
weapon_attachment,quickdraw,10,0,0,0,0,0,,smg_versatile
weapon_attachment,reflex,10,0,0,0,0,0,,smg_versatile
weapon_attachment,rf,0,0,0,10,0,0,,smg_versatile
weapon_attachment,stalker,10,0,0,0,0,0,,smg_versatile
weapon_attachment,steadyaim,10,0,0,0,0,0,,smg_versatile
weapon_attachment,suppressed,0,0,-10,0,0,0,,smg_versatile
weapon_attachment,reddot,10,0,0,0,0,0,,smg_versatile
weapon_smg,smg_capacity,40,15,35,80,0,40,MPUI_FULL_AUTO,
weapon_attachment,acog,5,0,5,0,0,0,,smg_capacity
weapon_attachment,dualoptic,5,0,5,0,0,0,,smg_capacity
weapon_attachment,extbarrel,0,0,10,0,0,0,,smg_capacity
weapon_attachment,extclip,0,0,0,0,0,10,,smg_capacity
weapon_attachment,fastreload,0,0,0,0,0,10,,smg_capacity
weapon_attachment,fmj,0,10,0,0,0,0,,smg_capacity
weapon_attachment,holo,10,0,0,0,0,0,,smg_capacity
weapon_attachment,grip,10,0,0,0,0,0,,smg_capacity
weapon_attachment,quickdraw,10,0,0,0,0,0,,smg_capacity
weapon_attachment,reflex,10,0,0,0,0,0,,smg_capacity
weapon_attachment,rf,0,0,0,10,0,0,,smg_capacity
weapon_attachment,stalker,10,0,0,0,0,0,,smg_capacity
weapon_attachment,steadyaim,10,0,0,0,0,0,,smg_capacity
weapon_attachment,suppressed,0,0,-10,0,0,0,,smg_capacity
weapon_attachment,reddot,10,0,0,0,0,0,,smg_capacity
weapon_smg,smg_fastfire,25,35,20,90,0,40,MPUI_FULL_AUTO,
weapon_attachment,acog,5,0,5,0,0,0,,smg_fastfire
weapon_attachment,dualoptic,5,0,5,0,0,0,,smg_fastfire
weapon_attachment,extbarrel,0,0,10,0,0,0,,smg_fastfire
weapon_attachment,extclip,0,0,0,0,0,10,,smg_fastfire
weapon_attachment,fastreload,0,0,0,0,0,10,,smg_fastfire
weapon_attachment,fmj,0,10,0,0,0,0,,smg_fastfire
weapon_attachment,holo,10,0,0,0,0,0,,smg_fastfire
weapon_attachment,grip,10,0,0,0,0,0,,smg_fastfire
weapon_attachment,quickdraw,10,0,0,0,0,0,,smg_fastfire
weapon_attachment,reflex,10,0,0,0,0,0,,smg_fastfire
weapon_attachment,rf,0,0,0,10,0,0,,smg_fastfire
weapon_attachment,stalker,10,0,0,0,0,0,,smg_fastfire
weapon_attachment,steadyaim,10,0,0,0,0,0,,smg_fastfire
weapon_attachment,suppressed,0,0,-10,0,0,0,,smg_fastfire
weapon_attachment,reddot,10,0,0,0,0,0,,smg_fastfire
weapon_lmg,lmg_light,55,45,55,35,0,100,MPUI_FULL_AUTO,
weapon_attachment,dualoptic,5,0,5,0,0,0,,lmg_light
weapon_attachment,acog,5,0,5,0,0,0,,lmg_light
weapon_attachment,extclip,0,0,0,0,0,10,,lmg_light
weapon_attachment,fastreload,0,0,0,0,0,10,,lmg_light
weapon_attachment,fmj,0,10,0,0,0,0,,lmg_light
weapon_attachment,grip,10,0,0,0,0,0,,lmg_light
weapon_attachment,holo,10,0,0,0,0,0,,lmg_light
weapon_attachment,ir,10,0,0,0,0,0,,lmg_light
weapon_attachment,quickdraw,10,0,0,0,0,0,,lmg_light
weapon_attachment,reflex,10,0,0,0,0,0,,lmg_light
weapon_attachment,rf,0,0,0,10,0,0,,lmg_light
weapon_attachment,stalker,10,0,0,0,0,0,,lmg_light
weapon_attachment,steadyaim,10,0,0,0,0,0,,lmg_light
weapon_attachment,suppressed,0,0,-10,0,0,0,,lmg_light
weapon_attachment,reddot,10,0,0,0,0,0,,lmg_light
weapon_lmg,lmg_heavy,50,40,50,50,0,100,MPUI_FULL_AUTO,
weapon_attachment,dualoptic,5,0,5,0,0,0,,lmg_heavy
weapon_attachment,acog,5,0,5,0,0,0,,lmg_heavy
weapon_attachment,extclip,0,0,0,0,0,10,,lmg_heavy
weapon_attachment,fastreload,0,0,0,0,0,10,,lmg_heavy
weapon_attachment,fmj,0,10,0,0,0,0,,lmg_heavy
weapon_attachment,grip,10,0,0,0,0,0,,lmg_heavy
weapon_attachment,holo,10,0,0,0,0,0,,lmg_heavy
weapon_attachment,ir,10,0,0,0,0,0,,lmg_heavy
weapon_attachment,quickdraw,10,0,0,0,0,0,,lmg_heavy
weapon_attachment,reflex,10,0,0,0,0,0,,lmg_heavy
weapon_attachment,rf,0,0,0,10,0,0,,lmg_heavy
weapon_attachment,stalker,10,0,0,0,0,0,,lmg_heavy
weapon_attachment,steadyaim,10,0,0,0,0,0,,lmg_heavy
weapon_attachment,suppressed,0,0,-10,0,0,0,,lmg_heavy
weapon_attachment,reddot,10,0,0,0,0,0,,lmg_heavy
weapon_lmg,lmg_cqb,45,35,40,70,0,100,MPUI_FULL_AUTO,
weapon_attachment,dualoptic,5,0,5,0,0,0,,lmg_cqb
weapon_attachment,acog,5,0,5,0,0,0,,lmg_cqb
weapon_attachment,extclip,0,0,0,0,0,10,,lmg_cqb
weapon_attachment,fastreload,0,0,0,0,0,10,,lmg_cqb
weapon_attachment,fmj,0,10,0,0,0,0,,lmg_cqb
weapon_attachment,grip,10,0,0,0,0,0,,lmg_cqb
weapon_attachment,holo,10,0,0,0,0,0,,lmg_cqb
weapon_attachment,ir,10,0,0,0,0,0,,lmg_cqb
weapon_attachment,quickdraw,10,0,0,0,0,0,,lmg_cqb
weapon_attachment,reflex,10,0,0,0,0,0,,lmg_cqb
weapon_attachment,rf,0,0,0,10,0,0,,lmg_cqb
weapon_attachment,stalker,10,0,0,0,0,0,,lmg_cqb
weapon_attachment,steadyaim,10,0,0,0,0,0,,lmg_cqb
weapon_attachment,suppressed,0,0,-10,0,0,0,,lmg_cqb
weapon_attachment,reddot,10,0,0,0,0,0,,lmg_cqb
weapon_lmg,lmg_slowfire,55,60,45,30,0,100,MPUI_FULL_AUTO,
weapon_attachment,dualoptic,5,0,5,0,0,0,,lmg_slowfire
weapon_attachment,acog,5,0,5,0,0,0,,lmg_slowfire
weapon_attachment,extclip,0,0,0,0,0,10,,lmg_slowfire
weapon_attachment,fastreload,0,0,0,0,0,10,,lmg_slowfire
weapon_attachment,fmj,0,10,0,0,0,0,,lmg_slowfire
weapon_attachment,grip,10,0,0,0,0,0,,lmg_slowfire
weapon_attachment,holo,10,0,0,0,0,0,,lmg_slowfire
weapon_attachment,ir,10,0,0,0,0,0,,lmg_slowfire
weapon_attachment,quickdraw,10,0,0,0,0,0,,lmg_slowfire
weapon_attachment,reflex,10,0,0,0,0,0,,lmg_slowfire
weapon_attachment,rf,0,0,0,10,0,0,,lmg_slowfire
weapon_attachment,stalker,10,0,0,0,0,0,,lmg_slowfire
weapon_attachment,steadyaim,10,0,0,0,0,0,,lmg_slowfire
weapon_attachment,suppressed,0,0,-10,0,0,0,,lmg_slowfire
weapon_attachment,reddot,10,0,0,0,0,0,,lmg_slowfire
weapon_shotgun,shotgun_pump,15,90,15,30,0,100,MPUI_PUMP,
weapon_attachment,extbarrel,0,0,10,0,0,0,,shotgun_pump
weapon_attachment,extclip,0,0,0,0,0,10,,shotgun_pump
weapon_attachment,fastreload,0,0,0,0,0,10,,shotgun_pump
weapon_attachment,holo,10,0,0,0,0,0,,shotgun_pump
weapon_attachment,quickdraw,10,0,0,0,0,0,,shotgun_pump
weapon_attachment,reflex,10,0,0,0,0,0,,shotgun_pump
weapon_attachment,rf,0,0,0,10,0,0,,shotgun_pump
weapon_attachment,stalker,10,0,0,0,0,0,,shotgun_pump
weapon_attachment,steadyaim,10,0,0,0,0,0,,shotgun_pump
weapon_attachment,suppressed,0,0,-10,0,0,0,,shotgun_pump
weapon_attachment,reddot,10,0,0,0,0,0,,shotgun_pump
weapon_shotgun,shotgun_fullauto,25,35,25,65,0,100,MPUI_PUMP,
weapon_attachment,extbarrel,0,0,10,0,0,0,,shotgun_fullauto
weapon_attachment,extclip,0,0,0,0,0,10,,shotgun_fullauto
weapon_attachment,fastreload,0,0,0,0,0,10,,shotgun_fullauto
weapon_attachment,holo,10,0,0,0,0,0,,shotgun_fullauto
weapon_attachment,quickdraw,10,0,0,0,0,0,,shotgun_fullauto
weapon_attachment,reflex,10,0,0,0,0,0,,shotgun_fullauto
weapon_attachment,rf,0,0,0,10,0,0,,shotgun_fullauto
weapon_attachment,stalker,10,0,0,0,0,0,,shotgun_fullauto
weapon_attachment,steadyaim,10,0,0,0,0,0,,shotgun_fullauto
weapon_attachment,suppressed,0,0,-10,0,0,0,,shotgun_fullauto
weapon_attachment,reddot,10,0,0,0,0,0,,shotgun_fullauto
weapon_shotgun,shotgun_precision,25,65,40,20,0,100,MPUI_PUMP,
weapon_attachment,extbarrel,0,0,10,0,0,0,,shotgun_precision
weapon_attachment,extclip,0,0,0,0,0,10,,shotgun_precision
weapon_attachment,fastreload,0,0,0,0,0,10,,shotgun_precision
weapon_attachment,holo,10,0,0,0,0,0,,shotgun_precision
weapon_attachment,quickdraw,10,0,0,0,0,0,,shotgun_precision
weapon_attachment,reflex,10,0,0,0,0,0,,shotgun_precision
weapon_attachment,rf,0,0,0,10,0,0,,shotgun_precision
weapon_attachment,stalker,10,0,0,0,0,0,,shotgun_precision
weapon_attachment,steadyaim,10,0,0,0,0,0,,shotgun_precision
weapon_attachment,suppressed,0,0,-10,0,0,0,,shotgun_precision
weapon_attachment,reddot,10,0,0,0,0,0,,shotgun_precision
weapon_shotgun,shotgun_semiauto,35,50,25,40,0,100,MPUI_PUMP,
weapon_attachment,extbarrel,0,0,10,0,0,0,,shotgun_semiauto
weapon_attachment,extclip,0,0,0,0,0,10,,shotgun_semiauto
weapon_attachment,fastreload,0,0,0,0,0,10,,shotgun_semiauto
weapon_attachment,holo,10,0,0,0,0,0,,shotgun_semiauto
weapon_attachment,quickdraw,10,0,0,0,0,0,,shotgun_semiauto
weapon_attachment,reflex,10,0,0,0,0,0,,shotgun_semiauto
weapon_attachment,rf,0,0,0,10,0,0,,shotgun_semiauto
weapon_attachment,stalker,10,0,0,0,0,0,,shotgun_semiauto
weapon_attachment,steadyaim,10,0,0,0,0,0,,shotgun_semiauto
weapon_attachment,suppressed,0,0,-10,0,0,0,,shotgun_semiauto
weapon_attachment,reddot,10,0,0,0,0,0,,shotgun_semiauto
weapon_sniper,sniper_fastbolt,70,70,70,15,0,12,MPUI_BOLT_ACTION,
weapon_attachment,acog,5,0,5,0,0,0,,sniper_fastbolt
weapon_attachment,dualoptic,5,0,5,0,0,0,,sniper_fastbolt
weapon_attachment,extclip,0,0,0,0,0,10,,sniper_fastbolt
weapon_attachment,fastreload,0,0,0,0,0,10,,sniper_fastbolt
weapon_attachment,fmj,0,10,0,0,0,0,,sniper_fastbolt
weapon_attachment,ir,10,0,0,0,0,0,,sniper_fastbolt
weapon_attachment,rf,0,0,0,10,0,0,,sniper_fastbolt
weapon_attachment,stalker,10,0,0,0,0,0,,sniper_fastbolt
weapon_attachment,suppressed,0,0,-10,0,0,0,,sniper_fastbolt
weapon_attachment,swayreduc,10,0,0,0,0,0,,sniper_fastbolt
weapon_attachment,reddot,10,0,0,0,0,0,,sniper_fastbolt
weapon_sniper,sniper_fastsemi,75,40,70,40,0,12,MPUI_SEMI_AUTO,
weapon_attachment,acog,5,0,5,0,0,0,,sniper_fastsemi
weapon_attachment,dualoptic,5,0,5,0,0,0,,sniper_fastsemi
weapon_attachment,extclip,0,0,0,0,0,10,,sniper_fastsemi
weapon_attachment,fastreload,0,0,0,0,0,10,,sniper_fastsemi
weapon_attachment,fmj,0,10,0,0,0,0,,sniper_fastsemi
weapon_attachment,ir,10,0,0,0,0,0,,sniper_fastsemi
weapon_attachment,rf,0,0,0,10,0,0,,sniper_fastsemi
weapon_attachment,stalker,10,0,0,0,0,0,,sniper_fastsemi
weapon_attachment,suppressed,0,0,-10,0,0,0,,sniper_fastsemi
weapon_attachment,swayreduc,10,0,0,0,0,0,,sniper_fastsemi
weapon_attachment,reddot,10,0,0,0,0,0,,sniper_fastsemi
weapon_sniper,sniper_powerbolt,65,80,70,10,0,12,MPUI_BOLT_ACTION,
weapon_attachment,acog,5,0,5,0,0,0,,sniper_powerbolt
weapon_attachment,dualoptic,5,0,5,0,0,0,,sniper_powerbolt
weapon_attachment,extclip,0,0,0,0,0,10,,sniper_powerbolt
weapon_attachment,fastreload,0,0,0,0,0,10,,sniper_powerbolt
weapon_attachment,fmj,0,10,0,0,0,0,,sniper_powerbolt
weapon_attachment,ir,10,0,0,0,0,0,,sniper_powerbolt
weapon_attachment,rf,0,0,0,10,0,0,,sniper_powerbolt
weapon_attachment,stalker,10,0,0,0,0,0,,sniper_powerbolt
weapon_attachment,suppressed,0,0,-10,0,0,0,,sniper_powerbolt
weapon_attachment,swayreduc,10,0,0,0,0,0,,sniper_powerbolt
weapon_attachment,reddot,10,0,0,0,0,0,,sniper_powerbolt
weapon_sniper,sniper_chargeshot,60,90,70,5,0,12,MPUI_BOLT_ACTION,
weapon_attachment,acog,5,0,5,0,0,0,,sniper_chargeshot
weapon_attachment,dualoptic,5,0,5,0,0,0,,sniper_chargeshot
weapon_attachment,extclip,0,0,0,0,0,10,,sniper_chargeshot
weapon_attachment,fastreload,0,0,0,0,0,10,,sniper_chargeshot
weapon_attachment,fmj,0,10,0,0,0,0,,sniper_chargeshot
weapon_attachment,ir,10,0,0,0,0,0,,sniper_chargeshot
weapon_attachment,rf,0,0,0,10,0,0,,sniper_chargeshot
weapon_attachment,stalker,10,0,0,0,0,0,,sniper_chargeshot
weapon_attachment,suppressed,0,0,-10,0,0,0,,sniper_chargeshot
weapon_attachment,swayreduc,10,0,0,0,0,0,,sniper_chargeshot
weapon_attachment,reddot,10,0,0,0,0,0,,sniper_chargeshot
weapon_pistol,pistol_standard,55,60,45,25,0,12,MPUI_SEMI_AUTO,
weapon_attachment,damage,0,10,0,,0,0,,pistol_standard
weapon_attachment,dw,0,0,0,10,0,0,,pistol_standard
weapon_attachment,extbarrel,0,0,10,,0,0,,pistol_standard
weapon_attachment,extclip,0,0,0,,0,10,,pistol_standard
weapon_attachment,fastreload,0,0,0,,0,10,,pistol_standard
weapon_attachment,fmj,0,10,0,,0,0,,pistol_standard
weapon_attachment,quickdraw,10,0,0,,0,0,,pistol_standard
weapon_attachment,reflex,10,0,0,,0,0,,pistol_standard
weapon_attachment,steadyaim,10,0,0,,0,0,,pistol_standard
weapon_attachment,suppressed,0,0,-10,,0,0,,pistol_standard
weapon_attachment,reddot,10,0,0,0,0,0,,pistol_standard
weapon_pistol,pistol_burst,55,45,20,65,0,12,MPUI_SEMI_AUTO,
weapon_attachment,damage,0,10,0,,0,0,,pistol_burst
weapon_attachment,dw,0,0,0,10,0,0,,pistol_burst
weapon_attachment,extbarrel,0,0,10,,0,0,,pistol_burst
weapon_attachment,extclip,0,0,0,,0,10,,pistol_burst
weapon_attachment,fastreload,0,0,0,,0,10,,pistol_burst
weapon_attachment,fmj,0,10,0,,0,0,,pistol_burst
weapon_attachment,quickdraw,10,0,0,,0,0,,pistol_burst
weapon_attachment,reflex,10,0,0,,0,0,,pistol_burst
weapon_attachment,steadyaim,10,0,0,,0,0,,pistol_burst
weapon_attachment,suppressed,0,0,-10,,0,0,,pistol_burst
weapon_attachment,reddot,10,0,0,0,0,0,,pistol_burst
weapon_pistol,hero_annihilator,60,80,35,10,0,7,MPUI_SEMI_AUTO,
weapon_pistol,pistol_fullauto,40,35,30,80,0,12,MPUI_SEMI_AUTO,pistol_fullauto
weapon_attachment,damage,0,10,0,,0,0,,pistol_fullauto
weapon_attachment,dw,0,0,0,10,0,0,,pistol_fullauto
weapon_attachment,extbarrel,0,0,10,,0,0,,pistol_fullauto
weapon_attachment,extclip,0,0,0,,0,10,,pistol_fullauto
weapon_attachment,fastreload,0,0,0,,0,10,,pistol_fullauto
weapon_attachment,fmj,0,10,0,,0,0,,pistol_fullauto
weapon_attachment,quickdraw,10,0,0,,0,0,,pistol_fullauto
weapon_attachment,reflex,10,0,0,,0,0,,pistol_fullauto
weapon_attachment,steadyaim,10,0,0,,0,0,,pistol_fullauto
weapon_attachment,suppressed,0,0,-10,,0,0,,pistol_fullauto
weapon_attachment,reddot,10,0,0,0,0,0,,pistol_fullauto
weapon_projectile,launcher_standard,90,90,90,10,0,2,MPUI_LOCKON_ONLY,
weapon_projectile,launcher_lockonly,90,90,90,10,0,2,MPUI_LOCKON_ONLY,
weapon_projectile,launcher_standard_df,40,90,60,10,0,2,,
weapon_projectile,hero_pineapplegun,60,85,45,25,0,8,MPUI_LOCKON_ONLY,
weapon_knife,knife_loadout,80,100,10,10,0,2,MPUI_LOCKON_ONLY,
weapon_pistol,MPUI_PISTOL,name,,,,,,,
weapon_smg,MPUI_SUB_MACHINE_GUN,name,,,,,,,
weapon_assault,MPUI_ASSAULT_RIFLE,name,,,,,,,
weapon_projectile,MPUI_PROJECTILE,name,,,,,,,
weapon_sniper,MPUI_SNIPER_RIFLE,name,,,,,,,
weapon_shotgun,MPUI_SHOTGUN,name,,,,,,,
weapon_lmg,MPUI_LIGHT_MACHINE_GUN,name,,,,,,,
weapon_cqb,MPUI_CQBS,name,,,,,,,
head,MPUI_FACEPAINT,name,,,,,,,